[
  {
    "model": "creditmanagement.transaction",
    "pk": 45,
    "fields": {
      "source": ["association", "scala"],
      "target": ["user", 1],
      "amount": 5,
      "created_by": 1
    }
  },
  {
    "model": "creditmanagement.transaction",
    "pk": 46,
    "fields": {
      "source": ["association", "scala"],
      "target": ["user", 2],
      "amount": 5,
      "created_by": 1
    }
  },
  {
    "model": "creditmanagement.transaction",
    "pk": 47,
    "fields": {
      "source": ["association", "scala"],
      "target": ["user", 3],
      "amount": 5,
      "created_by": 1
    }
  },
  {
    "model": "creditmanagement.transaction",
    "pk": 60,
    "fields": {
      "source": ["user", 1],
      "target": ["kitchen_cost", ""],
      "amount": 0.5,
      "created_by": 1
    }
  },
  {
    "model": "creditmanagement.transaction",
    "pk": 60,
    "fields": {
      "source": ["user", 1],
      "target": ["kitchen_cost", ""],
      "amount": 0.5,
      "created_by": 1
    }
  },

  {
    "model": "dining.dininglist",
    "pk": 1,
    "fields": {
      "date": "2022-04-26",
      "association": ["scala"],
      "owners": [1],
      "dish": "Tofuchicken",
      "sign_up_deadline": "2022-04-26T15:00:00Z",
      "payment_link": "https://www.google.com"
    }
  },
  {
    "model": "dining.dininglist",
    "pk": 2,
    "fields": {
      "date": "2022-04-26",
      "association": ["quadrivium"],
      "owners": [3],
      "dish": "Union stew",
      "sign_up_deadline": "2022-04-26T15:30:00Z"
    }
  },
  {
    "model": "dining.dininglist",
    "pk": 3,
    "fields": {
      "date": "2022-04-27",
      "association": ["knights"],
      "owners": [1],
      "dish": "Union stew",
      "sign_up_deadline": "2022-04-26T15:30:00Z"
    }
  },
  {
    "model": "creditmanagement.transaction",
    "pk": 51,
    "fields": {
      "source": ["user", 1],
      "target": ["kitchen_cost", ""],
      "amount": 0.5,
      "created_by": 1
    }
  },
  {
    "model": "dining.diningentry",
    "pk": 1,
    "fields": {
      "dining_list": 1,
      "user": 1,
      "created_by": 1,
      "has_paid": false,
      "transaction": 51
    }
  },
  {
    "model": "dining.diningwork",
    "pk": 1,
    "fields": {
      "has_shopped": true,
      "has_cooked": true,
      "has_cleaned": false
    }
  },
  {
    "model": "dining.diningentryuser",
    "pk": 1,
    "fields": {
      "diningwork_ptr_id": 1,
      "diningentry_ptr_id": 1
    }
  },
  {
    "model": "creditmanagement.transaction",
    "pk": 52,
    "fields": {
      "source": ["user", 2],
      "target": ["kitchen_cost", ""],
      "amount": 0.5,
      "created_by": 2
    }
  },
  {
    "model": "dining.diningentry",
    "pk": 2,
    "fields": {
      "dining_list": 1,
      "user": 2,
      "created_by": ["test_user"],
      "has_paid": true,
      "transaction": 52
    }
  },
  {
    "model": "dining.diningwork",
    "pk": 2,
    "fields": {
      "has_shopped": true,
      "has_cooked": true,
      "has_cleaned": false
    }
  },
  {
    "model": "dining.diningentryuser",
    "pk": 2,
    "fields": {
      "diningwork_ptr_id": 2,
      "diningentry_ptr_id": 2
    }
  },
  {
    "model": "creditmanagement.transaction",
    "pk": 53,
    "fields": {
      "source": ["user", 3],
      "target": ["kitchen_cost", ""],
      "amount": 0.5,
      "created_by": 1
    }
  },
  {
    "model": "dining.diningentry",
    "pk": 3,
    "fields": {
      "dining_list": 1,
      "user": 3,
      "created_by": 1,
      "has_paid": false,
      "transaction": 53
    }
  },
  {
    "model": "dining.diningwork",
    "pk": 3,
    "fields": {
      "has_shopped": true,
      "has_cooked": true,
      "has_cleaned": false
    }
  },
  {
    "model": "dining.diningentryuser",
    "pk": 3,
    "fields": {
      "diningwork_ptr_id": 3,
      "diningentry_ptr_id": 3
    }
  },
  {
    "model": "creditmanagement.transaction",
    "pk": 54,
    "fields": {
      "source": ["user", 2],
      "target": ["kitchen_cost", ""],
      "amount": 0.5,
      "created_by": 2
    }
  },
  {
    "model": "dining.diningentry",
    "pk": 4,
    "fields": {
      "dining_list": 1,
      "user": 2,
      "created_by": 2,
      "has_paid": false,
      "transaction": 54
    }
  },
  {
    "model": "dining.diningentryexternal",
    "pk": 4,
    "fields": {
      "name": "Joost",
      "diningentry_ptr_id": 4
    }
  },
  {
    "model": "creditmanagement.transaction",
    "pk": 55,
    "fields": {
      "source": ["user", 2],
      "target": ["kitchen_cost", ""],
      "amount": 0.5,
      "created_by": 2
    }
  },
  {
    "model": "dining.diningentry",
    "pk": 5,
    "fields": {
      "dining_list": 1,
      "user": 2,
      "created_by": 2,
      "has_paid": false,
      "transaction": 55
    }
  },
  {
    "model": "dining.diningentryexternal",
    "pk": 5,
    "fields": {
      "name": "Kevin Knorren",
      "diningentry_ptr_id": 5
    }
  },
  {
    "model": "creditmanagement.transaction",
    "pk": 56,
    "fields": {
      "source": ["user", 3],
      "target": ["kitchen_cost", ""],
      "amount": 0.5,
      "created_by": 3
    }
  },
  {
    "model": "dining.diningentry",
    "pk": 6,
    "fields": {
      "dining_list": 1,
      "user": 3,
      "created_by": 3,
      "has_paid": false,
      "transaction": 56
    }
  },
  {
    "model": "dining.diningentryexternal",
    "pk": 6,
    "fields": {
      "name": "Harry Hakker",
      "diningentry_ptr_id": 6

    }
  },
  {
    "model": "creditmanagement.transaction",
    "pk": 57,
    "fields": {
      "source": ["user", 2],
      "target": ["kitchen_cost", ""],
      "amount": 0.5,
      "created_by": 3
    }
  },
  {
    "model": "dining.diningentry",
    "pk": 7,
    "fields": {
      "dining_list": 1,
      "user": 3,
      "created_by": 3,
      "has_paid": true,
      "transaction": 57
    }
  },
  {
    "model": "dining.diningentryexternal",
    "pk": 7,
    "fields": {
      "name": "J.Jonah Jameson",
      "diningentry_ptr_id": 7
    }
  },
  {
    "model": "creditmanagement.transaction",
    "pk": 58,
    "fields": {
      "source": ["user", 1],
      "target": ["kitchen_cost", ""],
      "amount": 0.5,
      "created_by": 1
    }
  },
  {
    "model": "dining.diningentry",
    "pk": 8,
    "fields": {
      "dining_list": 1,
      "user": 1,
      "created_by": 1,
      "has_paid": true,
      "transaction": 58
    }
  },
  {
    "model": "dining.diningentryexternal",
    "pk": 8,
    "fields": {
      "name": "Hermoine Granger",
      "diningentry_ptr_id": 8
    }
  },
  {
    "model": "creditmanagement.transaction",
    "pk": 59,
    "fields": {
      "source": ["user", 1],
      "target": ["kitchen_cost", ""],
      "amount": 0.5,
      "created_by": 1
    }
  },
  {
    "model": "dining.diningentry",
    "pk": 9,
    "fields": {
      "dining_list": 2,
      "user": 1,
      "created_by": 1,
      "has_paid": true,
      "transaction": 59
    }
  },
  {
    "model": "dining.diningwork",
    "pk": 9,
    "fields": {
      "has_shopped": true,
      "has_cooked": true,
      "has_cleaned": false
    }
  },
  {
    "model": "dining.diningentryuser",
    "pk": 9,
    "fields": {
      "diningwork_ptr_id": 9,
      "diningentry_ptr_id": 9
    }
  },
  {
    "model": "creditmanagement.transaction",
    "pk": 60,
    "fields": {
      "source": ["user", 1],
      "target": ["kitchen_cost", ""],
      "amount": 0.5,
      "created_by": 1
    }
  },
  {
    "model": "dining.diningentry",
    "pk": 10,
    "fields": {
      "dining_list": 2,
      "user": 1,
      "created_by": 1,
      "has_paid": true,
      "transaction": 60
    }
  },
  {
    "model": "dining.diningentryexternal",
    "pk": 10,
    "fields": {
      "name": "Hermoine Granger",
      "diningentry_ptr_id": 10
    }
  }
]